imageFile,corrAns,sameOrDiff,thisN,thisTrialN,thisRepN,resp.keys,resp.corr,resp.rt,resp.duration,trials.thisRepN,trials.thisTrialN,trials.thisN,trials.thisIndex,thisRow.t,notes,piloting,Instructions.started,background.started,startKey.started,instructionstxt.started,Instructions.stopped,trial.started,background_2.started,faces.started,resp.started,trial_counter.started,trial.stopped,trials.resp.keys,trials.resp.corr,trials.resp.rt,trials.resp.duration,feedback.started,background_3.started,textbox.started,feedback.stopped,background_3.stopped,textbox.stopped,thanks.started,background_4.started,endmsg.started,session,participant,date,expName,expVersion,psychopyVersion,frameRate,expStart,
,,,,,,,,,,,,,,,,False,0.014615500000218162,0.036059099998965394,0.036059099998965394,0.036059099998965394,39.31585559999803,,,,,,,,,,,,,,,,,,,,001,,2026-06-22_18h53.27.734,GFMT_short,,2026.1.3,136.01759524104776,2026-06-22 18h53.28.094290 +0530,
same/235_C2_DV.jpg,left,same,0,0,0,right,0,16.043635699999868,None,0,0,0,18,39.428433099998074,,,,,,,,39.41300399999818,39.428433099998074,39.428433099998074,39.428433099998074,39.428433099998074,55.47453400000086,right,0,16.043635699999868,None,55.485192899999674,55.49350449999838,55.49350449999838,56.477975900001184,,,,,,001,,2026-06-22_18h53.27.734,GFMT_short,,2026.1.3,136.01759524104776,2026-06-22 18h53.28.094290 +0530,
same/102_C2_DV.jpg,left,same,1,1,0,left,1,8.359061800001655,None,0,1,1,9,56.54403950000051,,,,,,,,56.527280899998004,56.54403950000051,56.54403950000051,56.54403950000051,56.54403950000051,64.90748779999922,left,1,8.359061800001655,None,64.91722790000131,64.92912810000053,64.92912810000053,65.91792189999978,,,,,,001,,2026-06-22_18h53.27.734,GFMT_short,,2026.1.3,136.01759524104776,2026-06-22 18h53.28.094290 +0530,
different/282_108_R.jpg,right,different,2,2,0,right,1,2.4911643999985245,None,0,2,2,37,66.01592750000054,,,,,,,,66.00287759999992,66.01592750000054,66.01592750000054,66.01592750000054,66.01592750000054,68.5139663000009,right,1,2.4911643999985245,None,68.51703460000135,68.52692369999932,68.52692369999932,69.51997180000035,,,,,,001,,2026-06-22_18h53.27.734,GFMT_short,,2026.1.3,136.01759524104776,2026-06-22 18h53.28.094290 +0530,
same/092_C2_DV.jpg,left,same,3,3,0,left,1,6.647654699998384,None,0,3,3,8,69.59029559999908,,,,,,,,69.57512810000117,69.59029559999908,69.59029559999908,69.59029559999908,69.59029559999908,76.24490929999956,left,1,6.647654699998384,None,76.24696019999828,76.2563138000005,76.2563138000005,77.24147029999949,77.28688500000135,77.28688500000135,,,,001,,2026-06-22_18h53.27.734,GFMT_short,,2026.1.3,136.01759524104776,2026-06-22 18h53.28.094290 +0530,
same/068_C2_DV.jpg,left,same,4,4,0,right,0,8.450139499997022,None,0,4,4,2,77.28688500000135,,,,,,,,77.27407289999974,77.28688500000135,77.28688500000135,77.28688500000135,77.28688500000135,85.74571669999932,right,0,8.450139499997022,None,85.74842799999897,85.75896329999887,85.75896329999887,86.74662999999782,86.81258149999849,86.81258149999849,,,,001,,2026-06-22_18h53.27.734,GFMT_short,,2026.1.3,136.01759524104776,2026-06-22 18h53.28.094290 +0530,
same/108_DV_C2.jpg,left,same,5,5,0,right,0,2.0862625000008848,None,0,5,5,10,86.81258149999849,,,,,,,,86.7993263999997,86.81258149999849,86.81258149999849,86.81258149999849,86.81258149999849,88.91376749999836,right,0,2.0862625000008848,None,88.91668489999938,88.92782100000113,88.92782100000113,89.91924369999833,,,,,,001,,2026-06-22_18h53.27.734,GFMT_short,,2026.1.3,136.01759524104776,2026-06-22 18h53.28.094290 +0530,
different/076_109_R.jpg,right,different,6,6,0,left,0,7.891151099996932,None,0,6,6,24,89.97743740000078,,,,,,,,89.96418450000056,89.97743740000078,89.97743740000078,89.97743740000078,89.97743740000078,97.88344380000126,left,0,7.891151099996932,None,97.88654749999841,97.89736619999894,97.89736619999894,98.88438839999799,98.94131909999851,98.94131909999851,,,,001,,2026-06-22_18h53.27.734,GFMT_short,,2026.1.3,136.01759524104776,2026-06-22 18h53.28.094290 +0530,
different/116_067_R.jpg,right,different,7,7,0,right,1,11.593823900002462,None,0,7,7,30,98.94131909999851,,,,,,,,98.93006790000072,98.94131909999851,98.94131909999851,98.94131909999851,98.94131909999851,110.54773439999917,right,1,11.593823900002462,None,110.54927680000037,110.55570889999944,110.55570889999944,111.54375499999878,111.60460439999952,111.60460439999952,,,,001,,2026-06-22_18h53.27.734,GFMT_short,,2026.1.3,136.01759524104776,2026-06-22 18h53.28.094290 +0530,
different/091_283_R.jpg,right,different,8,8,0,right,1,2.5411459999995714,None,0,8,8,26,111.60460439999952,,,,,,,,111.59441259999949,111.60460439999952,111.60460439999952,111.60460439999952,111.60460439999952,114.15021680000063,right,1,2.5411459999995714,None,114.1528588000001,114.16346049999993,114.16346049999993,115.15442669999902,,,,,,001,,2026-06-22_18h53.27.734,GFMT_short,,2026.1.3,136.01759524104776,2026-06-22 18h53.28.094290 +0530,
different/019_074_L.jpg,right,different,9,9,0,right,1,13.147423999998864,None,0,9,9,21,115.21024829999806,,,,,,,,115.19871449999846,115.21024829999806,115.21024829999806,115.21024829999806,115.21024829999806,128.36530159999893,right,1,13.147423999998864,None,128.36819910000122,128.37903509999887,128.37903509999887,129.36579269999856,,,,,,001,,2026-06-22_18h53.27.734,GFMT_short,,2026.1.3,136.01759524104776,2026-06-22 18h53.28.094290 +0530,
same/129_C2_DV.jpg,left,same,10,10,0,left,1,8.799319499998091,None,0,10,10,13,129.41992739999841,,,,,,,,129.40717999999833,129.41992739999841,129.41992739999841,129.41992739999841,129.41992739999841,138.2308817000012,left,1,8.799319499998091,None,138.2328533,138.24108739999792,138.24108739999792,139.22877140000128,139.27030970000123,139.27030970000123,,,,001,,2026-06-22_18h53.27.734,GFMT_short,,2026.1.3,136.01759524104776,2026-06-22 18h53.28.094290 +0530,
different/049_218_L.jpg,right,different,11,11,0,right,1,12.92151450000165,None,0,11,11,23,139.27030970000123,,,,,,,,139.257473499998,139.27030970000123,139.27030970000123,139.27030970000123,139.27030970000123,152.19748020000043,right,1,12.92151450000165,None,152.19996489999903,152.21016819999932,152.21016819999932,153.19975069999782,,,,,,001,,2026-06-22_18h53.27.734,GFMT_short,,2026.1.3,136.01759524104776,2026-06-22 18h53.28.094290 +0530,
same/085_C2_DV.jpg,left,same,12,12,0,right,0,6.924397899998439,None,0,12,12,7,153.26430369999798,,,,,,,,153.2515194000007,153.26430369999798,153.26430369999798,153.26430369999798,153.26430369999798,160.19603410000127,right,0,6.924397899998439,None,160.1992567999987,160.2115343000005,160.2115343000005,161.2014405000009,,,,,,001,,2026-06-22_18h53.27.734,GFMT_short,,2026.1.3,136.01759524104776,2026-06-22 18h53.28.094290 +0530,
different/296_235_L.jpg,right,different,13,13,0,left,0,9.072368599998299,None,0,13,13,38,161.26073950000136,,,,,,,,161.24612849999903,161.26073950000136,161.26073950000136,161.26073950000136,161.26073950000136,170.34418540000115,left,0,9.072368599998299,None,170.34582840000076,170.35337179999988,170.35337179999988,171.34609590000036,,,,,,001,,2026-06-22_18h53.27.734,GFMT_short,,2026.1.3,136.01759524104776,2026-06-22 18h53.28.094290 +0530,
same/115_C2_DV.jpg,left,same,14,14,0,right,0,11.600910100001784,None,0,14,14,11,171.41907960000026,,,,,,,,171.4044842000003,171.41907960000026,171.41907960000026,171.41907960000026,171.41907960000026,183.02857569999833,right,0,11.600910100001784,None,183.03087349999987,183.04223400000046,183.04223400000046,184.02724509999825,184.06711659999928,184.06711659999928,,,,001,,2026-06-22_18h53.27.734,GFMT_short,,2026.1.3,136.01759524104776,2026-06-22 18h53.28.094290 +0530,
same/069_C2_DV.jpg,left,same,15,15,0,left,1,4.850621800000226,None,0,15,15,3,184.06711659999928,,,,,,,,184.05623800000103,184.06711659999928,184.06711659999928,184.06711659999928,184.06711659999928,188.92136209999808,left,1,4.850621800000226,None,188.92389679999906,188.93377859999964,188.93377859999964,189.92364269999962,,,,,,001,,2026-06-22_18h53.27.734,GFMT_short,,2026.1.3,136.01759524104776,2026-06-22 18h53.28.094290 +0530,
same/136_C2_DV.jpg,left,same,16,16,0,left,1,12.473788700001023,None,0,16,16,14,189.98780270000134,,,,,,,,189.97408050000013,189.98780270000134,189.98780270000134,189.98780270000134,189.98780270000134,202.4750333000011,left,1,12.473788700001023,None,202.4779720000006,202.48774889999913,202.48774889999913,203.47722839999915,,,,,,001,,2026-06-22_18h53.27.734,GFMT_short,,2026.1.3,136.01759524104776,2026-06-22 18h53.28.094290 +0530,
same/020_C2_DV.jpg,left,same,17,17,0,left,1,5.881300900000497,None,0,17,17,0,203.53311459999895,,,,,,,,203.52193709999847,203.53311459999895,203.53311459999895,203.53311459999895,203.53311459999895,209.42281250000087,left,1,5.881300900000497,None,209.4249837999996,209.43353379999826,209.43353379999826,210.421016100001,210.48071440000058,210.48071440000058,,,,001,,2026-06-22_18h53.27.734,GFMT_short,,2026.1.3,136.01759524104776,2026-06-22 18h53.28.094290 +0530,
same/168_C2_DV.jpg,left,same,18,18,0,left,1,10.618182299996988,None,0,18,18,16,210.48071440000058,,,,,,,,210.4702006999978,210.48071440000058,210.48071440000058,210.48071440000058,210.48071440000058,221.10628789999828,left,1,10.618182299996988,None,221.10880349999934,221.1193347999979,221.1193347999979,222.11020009999993,,,,,,001,,2026-06-22_18h53.27.734,GFMT_short,,2026.1.3,136.01759524104776,2026-06-22 18h53.28.094290 +0530,
different/102_224_R.jpg,right,different,19,19,0,right,1,4.978328799999872,None,0,19,19,28,222.1772314000009,,,,,,,,222.16162339999937,222.1772314000009,222.1772314000009,222.1772314000009,222.1772314000009,227.16690999999992,right,1,4.978328799999872,None,227.1685518000013,227.17607359999965,227.17607359999965,228.16460609999922,228.19976959999985,228.19976959999985,,,,001,,2026-06-22_18h53.27.734,GFMT_short,,2026.1.3,136.01759524104776,2026-06-22 18h53.28.094290 +0530,
different/092_283_L.jpg,right,different,20,20,0,right,1,7.011418900001445,None,0,20,20,27,228.19976959999985,,,,,,,,228.1914093000014,228.19976959999985,228.19976959999985,228.19976959999985,228.19976959999985,235.22351179999896,right,1,7.011418900001445,None,235.22640730000057,235.2373731000007,235.2373731000007,236.22219539999787,236.27920150000136,236.27920150000136,,,,001,,2026-06-22_18h53.27.734,GFMT_short,,2026.1.3,136.01759524104776,2026-06-22 18h53.28.094290 +0530,
same/075_DV_C2.jpg,left,same,21,21,0,left,1,10.814745100000437,None,0,21,21,5,236.27920150000136,,,,,,,,236.26554989999931,236.27920150000136,236.27920150000136,236.27920150000136,236.27920150000136,247.0974051000012,left,1,10.814745100000437,None,247.09951619999993,247.10832799999844,247.10832799999844,248.10135079999964,,,,,,001,,2026-06-22_18h53.27.734,GFMT_short,,2026.1.3,136.01759524104776,2026-06-22 18h53.28.094290 +0530,
different/132_210_R.jpg,right,different,22,22,0,right,1,8.84146039999905,None,0,22,22,32,248.16310639999938,,,,,,,,248.14902309999889,248.16310639999938,248.16310639999938,248.16310639999938,248.16310639999938,257.0119393999994,right,1,8.84146039999905,None,257.01378939999995,257.02251780000006,257.02251780000006,258.0121908000001,,,,,,001,,2026-06-22_18h53.27.734,GFMT_short,,2026.1.3,136.01759524104776,2026-06-22 18h53.28.094290 +0530,
same/081_C2_DV.jpg,left,same,23,23,0,left,1,4.104884799999127,None,0,23,23,6,258.0606153999979,,,,,,,,258.0465645000004,258.0606153999979,258.0606153999979,258.0606153999979,258.0606153999979,262.17665359999955,left,1,4.104884799999127,None,262.1793393000007,262.1895949999998,262.1895949999998,263.17907489999925,,,,,,001,,2026-06-22_18h53.27.734,GFMT_short,,2026.1.3,136.01759524104776,2026-06-22 18h53.28.094290 +0530,
different/013_235_R.jpg,right,different,24,24,0,right,1,6.1838496000018495,None,0,24,24,20,263.24036929999784,,,,,,,,263.2264871999978,263.24036929999784,263.24036929999784,263.24036929999784,263.24036929999784,269.43661580000116,right,1,6.1838496000018495,None,269.4391389000011,269.4482304999983,269.4482304999983,270.43373839999913,270.4849071999997,270.4849071999997,,,,001,,2026-06-22_18h53.27.734,GFMT_short,,2026.1.3,136.01759524104776,2026-06-22 18h53.28.094290 +0530,
different/209_224_R.jpg,right,different,25,25,0,right,1,3.000509499997861,None,0,25,25,34,270.4849071999997,,,,,,,,270.4726891999999,270.4849071999997,270.4849071999997,270.4849071999997,270.4849071999997,273.4999117999978,right,1,3.000509499997861,None,273.5026465999981,273.5128698000008,273.5128698000008,274.49786519999907,274.5632602000005,274.5632602000005,,,,001,,2026-06-22_18h53.27.734,GFMT_short,,2026.1.3,136.01759524104776,2026-06-22 18h53.28.094290 +0530,
same/170_DV_C2.jpg,left,same,26,26,0,left,1,7.144298700000945,None,0,26,26,17,274.5632602000005,,,,,,,,274.5498676999996,274.5632602000005,274.5632602000005,274.5632602000005,274.5632602000005,281.71687480000037,left,1,7.144298700000945,None,281.71970750000037,281.73063700000057,281.73063700000057,282.71798800000033,,,,,,001,,2026-06-22_18h53.27.734,GFMT_short,,2026.1.3,136.01759524104776,2026-06-22 18h53.28.094290 +0530,
different/143_254_R.jpg,right,different,27,27,0,right,1,1.9372020000009798,None,0,27,27,33,282.7781342999988,,,,,,,,282.76274529999864,282.7781342999988,282.7781342999988,282.7781342999988,282.7781342999988,284.72177999999985,right,1,1.9372020000009798,None,284.72460489999867,284.7365471999983,284.7365471999983,285.7323417999978,,,,,,001,,2026-06-22_18h53.27.734,GFMT_short,,2026.1.3,136.01759524104776,2026-06-22 18h53.28.094290 +0530,
same/120_DV_C2.jpg,left,same,28,28,0,right,0,15.090449999999691,None,0,28,28,12,285.7836419999985,,,,,,,,285.77109089999794,285.7836419999985,285.7836419999985,285.7836419999985,285.7836419999985,300.87905559999854,right,0,15.090449999999691,None,300.8804750999989,300.89025240000046,300.89025240000046,301.8857855999995,,,,,,001,,2026-06-22_18h53.27.734,GFMT_short,,2026.1.3,136.01759524104776,2026-06-22 18h53.28.094290 +0530,
different/261_254_L.jpg,right,different,29,29,0,right,1,5.2743429000001925,None,0,29,29,36,301.9689345000006,,,,,,,,301.95709949999946,301.9689345000006,301.9689345000006,301.9689345000006,301.9689345000006,307.2494106000013,right,1,5.2743429000001925,None,307.25212180000017,307.26556490000075,307.26556490000075,308.25082140000086,,,,,,001,,2026-06-22_18h53.27.734,GFMT_short,,2026.1.3,136.01759524104776,2026-06-22 18h53.28.094290 +0530,
same/025_C2_DV.jpg,left,same,30,30,0,left,1,6.843711399997119,None,0,30,30,1,308.3104984999991,,,,,,,,308.2963946999989,308.3104984999991,308.3104984999991,308.3104984999991,308.3104984999991,315.1621641999991,left,1,6.843711399997119,None,315.163747300001,315.1713775999997,315.1713775999997,316.16261360000135,316.2094121000009,316.2094121000009,,,,001,,2026-06-22_18h53.27.734,GFMT_short,,2026.1.3,136.01759524104776,2026-06-22 18h53.28.094290 +0530,
different/106_224_L.jpg,right,different,31,31,0,right,1,3.1691684000034,None,0,31,31,29,316.2094121000009,,,,,,,,316.19886250000127,316.2094121000009,316.2094121000009,316.2094121000009,316.2094121000009,319.39460959999997,right,1,3.1691684000034,None,319.39701950000017,319.4067725999994,319.4067725999994,320.39572639999824,,,,,,001,,2026-06-22_18h53.27.734,GFMT_short,,2026.1.3,136.01759524104776,2026-06-22 18h53.28.094290 +0530,
different/120_133_R.jpg,right,different,32,32,0,right,1,7.008873099999619,None,0,32,32,31,320.43546570000035,,,,,,,,320.427440200001,320.43546570000035,320.43546570000035,320.43546570000035,320.43546570000035,327.45727559999796,right,1,7.008873099999619,None,327.45985160000055,327.4704152000013,327.4704152000013,328.4601411000003,,,,,,001,,2026-06-22_18h53.27.734,GFMT_short,,2026.1.3,136.01759524104776,2026-06-22 18h53.28.094290 +0530,
different/303_037_R.jpg,right,different,33,33,0,right,1,7.64880809999886,None,0,33,33,39,328.51286329999857,,,,,,,,328.5009232000011,328.51286329999857,328.51286329999857,328.51286329999857,328.51286329999857,336.17059979999976,right,1,7.64880809999886,None,336.17285569999876,336.18289279999954,336.18289279999954,337.17033100000117,337.23798259999967,337.23798259999967,,,,001,,2026-06-22_18h53.27.734,GFMT_short,,2026.1.3,136.01759524104776,2026-06-22 18h53.28.094290 +0530,
same/303_DV_C2.jpg,left,same,34,34,0,right,0,2.222163400001591,None,0,34,34,19,337.23798259999967,,,,,,,,337.2255022999998,337.23798259999967,337.23798259999967,337.23798259999967,337.23798259999967,339.4687735000007,right,0,2.222163400001591,None,339.47145269999965,339.480448899998,339.480448899998,340.46806730000026,340.52767400000084,340.52767400000084,,,,001,,2026-06-22_18h53.27.734,GFMT_short,,2026.1.3,136.01759524104776,2026-06-22 18h53.28.094290 +0530,
same/139_DV_C2.jpg,left,same,35,35,0,left,1,8.867962000000261,None,0,35,35,15,340.52767400000084,,,,,,,,340.51617030000125,340.52767400000084,340.52767400000084,340.52767400000084,340.52767400000084,349.4050582999989,left,1,8.867962000000261,None,349.4074546000011,349.4210340999998,349.4210340999998,350.4086624999982,,,,,,001,,2026-06-22_18h53.27.734,GFMT_short,,2026.1.3,136.01759524104776,2026-06-22 18h53.28.094290 +0530,
different/077_133_R.jpg,right,different,36,36,0,right,1,5.216653399998904,None,0,36,36,25,350.46985979999954,,,,,,,,350.45438060000015,350.46985979999954,350.46985979999954,350.46985979999954,350.46985979999954,355.69395950000035,right,1,5.216653399998904,None,355.69602870000017,355.7047883000014,355.7047883000014,356.6887463999992,356.7392493999978,356.7392493999978,,,,001,,2026-06-22_18h53.27.734,GFMT_short,,2026.1.3,136.01759524104776,2026-06-22 18h53.28.094290 +0530,
different/254_287_L.jpg,right,different,37,37,0,right,1,3.243873100000201,None,0,37,37,35,356.7392493999978,,,,,,,,356.72740690000137,356.7392493999978,356.7392493999978,356.7392493999978,356.7392493999978,359.99186859999827,right,1,3.243873100000201,None,359.99524329999986,360.006461099998,360.006461099998,360.99489449999965,,,,,,001,,2026-06-22_18h53.27.734,GFMT_short,,2026.1.3,136.01759524104776,2026-06-22 18h53.28.094290 +0530,
different/025_235_L.jpg,right,different,38,38,0,right,1,2.687657099999342,None,0,38,38,22,361.0505755999984,,,,,,,,361.0396966999979,361.0505755999984,361.0505755999984,361.0505755999984,361.0505755999984,363.7474164000014,right,1,2.687657099999342,None,363.74994549999974,363.7593166000006,363.7593166000006,364.74787490000017,364.80929950000063,364.80929950000063,,,,001,,2026-06-22_18h53.27.734,GFMT_short,,2026.1.3,136.01759524104776,2026-06-22 18h53.28.094290 +0530,
same/074_C2_DV.jpg,left,same,39,39,0,left,1,2.6259366999984195,None,0,39,39,4,364.80929950000063,,,,,,,,364.7949684999985,364.80929950000063,364.80929950000063,364.80929950000063,364.80929950000063,367.4386506999981,left,1,2.6259366999984195,None,367.44067300000097,367.4496865000001,367.4496865000001,368.4360478999988,368.45158869999796,368.45158869999796,,,,001,,2026-06-22_18h53.27.734,GFMT_short,,2026.1.3,136.01759524104776,2026-06-22 18h53.28.094290 +0530,
,,,,,,,,,,,,,,,,,,,,,,,,,,,,,,,,,,,,,,368.43819910000093,368.45158869999796,368.45158869999796,,,,,,,,,
